{"datasets/salary_tracker_1MB.csv": {"Query_1": 0.001442, "Query_2": 2.2e-05, "Query_3": 5.2e-05, "Query_4": 0.003971, "Query_5": 0.002983, "Query_6": 0.003334}, "datasets/salary_tracker_10MB.csv": {"Query_1": 0.020687, "Query_2": 3.8e-05, "Query_3": 5.9499999999999996e-05, "Query_4": 0.032717, "Query_5": 0.024761, "Query_6": 0.035898}, "datasets/salary_tracker_100MB.csv": {"Query_1": 0.039361, "Query_2": 5.8e-05, "Query_3": 6.7e-05, "Query_4": 0.357094, "Query_5": 0.290224, "Query_6": 0.408408}}